Aminoacid_6vs9,Chi2,p_value,Significance: 0.0005555555555555556
Ala,18.816841775233655,0.0002983039692940682,Significant
Ile,18.81868296611064,8.195489827486433e-05,Significant
Leu,86.94297806287483,2.9453726217597665e-17,Significant
Pro,38.580790903719304,2.1294226101530363e-08,Significant
Thr,79.68528839165967,3.585416950903157e-17,Significant
Val,110.86735531776118,7.139489492742911e-24,Significant
