Aminoacid_6vs9,Chi2,p_value,Significance: 0.0004385964912280702
Leu,43.09630132697608,3.532669931266752e-08,Significant
Pro,19.492972666927603,0.00021617610662659218,Significant
Thr,39.939888579582856,1.097232907873737e-08,Significant
Val,53.13975246227817,1.7117989820511696e-11,Significant
