Aminoacid_18vs21,Chi2,p_value,Significance: 0.0006944444444444445
Pro,17.41580640717619,0.0005803546671747841,Significant
